{"cameraMode":{"drawMode":0,"name":"Shaded","section":"Shading Mode"},"sceneLighting":true,"audioPlay":false,"sceneViewState":{"showFog":true,"showMaterialUpdate":false,"showSkybox":true,"showFlares":true,"showImageEffects":true,"showParticleSystems":true},"in2DMode":false,"pivot":{"x":-8.269287109375,"y":-1.8799999952316285,"z":-3.2824652194976808},"rotation":{"x":0.03824656456708908,"y":0.12410305440425873,"z":0.02675718255341053,"w":0.9911783933639526},"size":26.167156219482423,"orthographic":true}